{"cameraMode":{"drawMode":0,"name":"Shaded","section":"Shading Mode"},"sceneLighting":true,"audioPlay":false,"sceneViewState":{"m_AlwaysRefresh":false,"showFog":true,"showSkybox":true,"showFlares":true,"showImageEffects":true,"showParticleSystems":true,"showVisualEffectGraphs":true,"m_FxEnabled":true},"in2DMode":false,"pivot":{"x":7.419841766357422,"y":-5.468057155609131,"z":31.97637367248535},"rotation":{"x":0.014344491064548493,"y":0.9244832396507263,"z":-0.37936362624168398,"w":0.03495902940630913},"size":12.38821792602539,"orthographic":false}